{
  "params": {
    "num_leaves": 15,
    "learning_rate": 0.05,
    "n_estimators": 300,
    "min_data_in_leaf": 20,
    "feature_fraction": 0.9,
    "bagging_fraction": 0.9,
    "bagging_freq": 5,
    "early_stopping_rounds": 30,
    "seed": 42
  },
  "n_train": 462,
  "n_val": 116,
  "val_rmse_log": 0.08068344317987718,
  "val_rmse": 0.7566501792266607,
  "quantiles": {
    "p05": 0.3,
    "p50": 0.9686374837056706,
    "p95": 5.0
  },
  "bucket_means": {
    "0|fullspeed|1": 1.338558513693209,
    "0|halfspeed|1": 0.5307653658394301,
    "1|fullspeed|0": 2.1171185033407105,
    "1|fullspeed|1": 3.367100405503192,
    "1|halfspeed|0": 1.0445779137890374,
    "1|halfspeed|1": 1.337814390541417
  },
  "model_version": "bcd71ad2"
}